brand,categories,core_design_philosophy,engineering_chain,engineering_priorities,sonic_tendencies,strengths,tradeoffs,listener_system_fit,comparison_guardrails_prefer,comparison_guardrails_avoid,mischaracterizations_to_avoid,measurement_vs_experiential,confidence_mechanism,confidence_behavior,confidence_perception,multi_line_brand,review_notes
Denafrips,DAC,"Discrete R2R ladder conversion. Each resistor in the ladder shapes the analog output directly; the design intent is harmonic continuity through the conversion stage rather than measurement-class signal pass-through.","Mechanism: discrete R2R ladder DAC with hand-selected resistor arrays. Behavior: harmonic structure preserved across the conversion stage; transient leading edges shaped by analog-domain summing rather than chip-implementation filtering. Perception: listeners report warm tonal balance, density, harmonic richness, and softer leading edges relative to delta-sigma designs. Preference fit: listeners prioritising tonal weight and long-form listening continuity over analytical separation.","(1) Discrete R2R ladder topology with hand-selected resistor arrays. (2) Consistent house voicing across a graduated price line (Ares to Pontus to Venus to Terminator). (3) Tonal density and harmonic continuity as the conversion-stage priority. (4) Listener-comfort across long-format listening rather than transient impact.","Warm; dense; harmonically rich; relaxed transient timing; softer leading edges than delta-sigma designs; spatial presentation dimensional rather than precision-imaged. Distinct from smooth — Denafrips's softer leading edges are a function of R2R conversion character, not high-frequency rolloff.","(1) Tonal weight and harmonic continuity at every price tier. (2) Vocal and acoustic-instrument body. (3) Consistent house identity across a wide price range — the Ares and the Terminator share recognisable voicing.","(1) Transient definition softer than FPGA or flagship ESS designs. (2) Less analytical separation of complex passages. (3) Pace can feel relaxed in systems already biased toward leanness or precision.","Listeners prioritising tonal density and harmonic continuity. Pairs naturally with neutral-to-precise downstream electronics. Risks compounding density in already-warm chains (tube preamp + warm speaker).","Discrete R2R ladder conversion engineered for harmonic continuity vs measurement-forward delta-sigma engineering optimised for chip-implementation transparency (vs Topping/SMSL). R2R conversion with relaxed transient timing vs R2R conversion with dynamic engagement (vs Holo). Graduated price-line house voicing vs per-unit boutique customisation (vs TotalDAC).","Warm vs cold — flattens to a tonal-axis preference. Rich vs thin — pejorative on the contrasted side. Best vs worst — Audio XX policy. Smooth vs detailed — Denafrips is dense, not smooth.","Warm but lacks detail (Denafrips is not detail-poor; it presents detail in softer-focused, less etched form). Smooth as a primary descriptor (Denafrips is dense, not smooth).","Strongly experiential at the perception layer; mechanism is documented.",high,high,high,FALSE,Calibration consistent with current BRAND_PROFILES entry. v2 added explicit engineering chain.
Topping,"DAC, headphone amp","Measurement-forward delta-sigma engineering using premium chip implementations (ESS Sabre, AKM). The design intent is signal-path transparency through chip-implementation specification — low THD+N, low noise, wide dynamic range — at value pricing.","Mechanism: premium delta-sigma chip implementations (ES9038Pro, AK4499, etc.) with measurement-grade analog output stages. Behavior: measurement specifications at the upper end of the category — THD+N, SNR, dynamic range; the analog output is engineered to pass the chip's signal with minimum coloration. Perception: listeners report leanness, neutrality (sometimes neutral-to-slightly-bright), high clarity, and light tonal weight. Specifically not warm and not dense. Preference fit: listeners prioritising measurement-class signal pass-through, often with bodied downstream electronics to compensate for the leanness.","(1) Measured performance specification (THD+N, SNR, dynamic range) optimisation. (2) Chip-implementation quality across the line (ES9038Pro, AK4499, etc.). (3) Value pricing for measurement-class performance. (4) Signal path with minimal coloration.","Lean; neutral-to-slightly-bright; high clarity; fast transient definition; light tonal weight; low harmonic emphasis. Specifically not warm and not dense. Detail retrieval is high without etched edge.","(1) Detail retrieval and channel separation per dollar. (2) Transient precision and low noise floor. (3) Class-of-its-tier measured performance.","(1) Tonal density and harmonic richness are not the design priority. (2) Light tonal weight requires partner electronics with body. (3) In already-precise systems, the leanness compounds.","Listeners prioritising signal-path transparency, low noise, and analytical clarity. Pairs naturally with warmer or more bodied downstream electronics.","Measurement-forward delta-sigma signal-path transparency vs discrete R2R harmonic continuity (vs Denafrips/Holo/TotalDAC). Chip-implementation specification vs FPGA pulse-array timing (vs Chord).","Warm vs cold. Precision vs musicality — implies one side is unmusical. Single-axis tonal-balance comparisons against R2R brands.","Warm (Topping is lean, not warm). Rich / harmonically dense (directly inverts the design intent). Cold / sterile (pejorative; the leanness is engineering intent, not character failure). Detail-poor (the brand's measurement-class detail retrieval is a strength, not a weakness).",Strongly measurement-forward.,high,high,high,FALSE,Calibration regression of 2026-05-10 traced to synthesis-layer negation handling. v2 added explicit engineering chain.
Chord Electronics,DAC,"Custom FPGA-based pulse-array conversion (Rob Watts architecture). The design intent is timing-domain accuracy — high tap-count processing emphasises temporal fidelity in the digital-to-analog stage rather than chip-based or ladder-based topology.",,"(1) FPGA pulse-array topology with high tap counts. (2) Temporal accuracy in the digital-to-analog stage. (3) Bit-perfect signal path with minimal phase distortion. (4) Consistent voicing across the line (Mojo to Hugo to Qutest to DAVE).","Neutral with slight tonal leanness; transient definition fast and articulate without being etched; detail high through timing precision rather than treble emphasis; spatial presentation open.","(1) Timing-domain accuracy and transient definition. (2) Detail through timing rather than tonal-balance shift. (3) House identity consistent from entry to flagship.","(1) Lighter tonal weight than R2R designs. (2) Less midrange body. (3) Flagship pricing scales with FPGA tap-count.",Listeners prioritising temporal precision and detail-through-timing. Pairs well with bodied downstream electronics or speakers.,"FPGA pulse-array timing-domain processing vs chip-based delta-sigma signal pass-through (vs Topping). FPGA timing precision vs R2R harmonic continuity (vs Denafrips). FPGA pulse-array vs ring-DAC oversampling (vs dCS).",Describing Chord as bright — high clarity is via timing not via treble emphasis.,Bright (high clarity not high treble energy). Cold (neutral-leaning not aggressively analytical).,Hybrid. Engineering is measurement-rigorous in the timing domain; voicing is more experiential than chip-based delta-sigma peers.,high,high,high,FALSE,None.
Holo Audio,DAC,"Discrete R2R ladder DAC engineered for combined harmonic continuity and dynamic linearity — explicitly distinguishing itself from softer-transient R2R competitors via wide-bandwidth output stage and dynamic-range design.",,"(1) Discrete R2R topology with dynamic linearity. (2) NOS / OS dual-mode flexibility. (3) Wide-bandwidth output stage. (4) Higher transient definition than typical warm-R2R designs.",Warm; dense; harmonically rich; transient definition higher than typical R2R designs; wide spatial presentation. Distinct from Denafrips: less softer-focused; more dynamically engaged.,"(1) R2R harmonic continuity combined with above-category transient definition. (2) Strong dynamic range. (3) The KTE (Kitsune Tuned Edition) is widely positioned as a value reference at its price tier.","(1) Less softer-focused than Denafrips for listeners specifically seeking R2R relaxation. (2) Build complexity vs simpler chip-based DACs.",Listeners wanting R2R tonal density without sacrificing dynamic engagement.,R2R conversion with dynamic engagement vs R2R conversion with relaxed transient timing (vs Denafrips). Discrete R2R vs measurement-forward delta-sigma (vs Topping).,Flattening Holo and Denafrips into a single warm R2R bucket.,"Same as Denafrips (both R2R, but Holo is more dynamic and less softer-focused). Bright (Holo is warm despite the higher transient definition).",Hybrid — leans experiential but with measurement-class dynamic linearity.,high,high,high,FALSE,None.
dCS,"DAC, streamer, transport","Proprietary ring-DAC topology — a custom oversampling ladder built and refined in-house. The design intent is high resolution combined with absence of edge on transients, distinguished from chip-based delta-sigma and from FPGA pulse-array.",,"(1) Custom ring-DAC architecture. (2) Resolution at the upper end of the market. (3) Quiet noise floor. (4) Modular product architecture (Vivaldi stack — clock, transport, DAC, upsampler as separate units).","Highly resolved; smooth transient character (absence of edge on leading edges, not treble rolloff); neutral tonal balance with subtle low-mid weight; spatially precise rather than dimensional.","(1) Resolution combined with smoothness — distinct from delta-sigma resolution paired with edge. (2) Quiet noise floor exposes upstream limitations. (3) Modular architecture supports component-by-component upgrade.","(1) Pricing at the top of the market. (2) Some listeners describe the smoothness as polish rather than character. (3) The modular architecture only pays off when the full stack is in place.",Listeners building reference systems prioritising resolution; the noise floor reveals downstream limitations.,Ring-DAC oversampling refinement vs FPGA pulse-array timing precision (vs Chord). Resolution-with-smoothness vs measurement-forward chip-based transparency (vs Mola Mola). Ring-DAC oversampling vs discrete R2R ladder (vs Denafrips).,Cold / analytical — the resolution-with-smoothness combination is the opposite of analytical edge.,Same as Chord (both are non-chip-DAC architectures but ring-DAC and FPGA pulse-array answer different questions about conversion).,Measurement-rigorous with experiential voicing.,high,high,high,FALSE,None.
Mola Mola,"DAC, amplifier","Custom discrete topology designed by Bruno Putzeys, with audibility-research-grounded measurement engineering. The Tambaqui DAC's design intent is signal-path transparency at audible-threshold measurement levels — not measurement-spec optimisation as such, but engineering against what is actually audible.",,"(1) Custom discrete DAC architecture. (2) Audibility-threshold-aware measurement (not raw THD spec). (3) Low noise and low distortion at audible levels. (4) Minimal signal-path coloration.","Transparency through audibility-aware low distortion at audible levels; clean; spatially open; neutral; resolution without etched edge; low harmonic emphasis. Distinct from dCS: Mola Mola's transparency is signal-pass-through; dCS's smoothness is post-resolution character at the conversion topology.","(1) Audibility-aware measurement transparency — distinct from spec-optimisation. (2) Spatial precision and low noise floor. (3) Bruno Putzeys engineering lineage.","(1) Less tonal weight than R2R designs. (2) High-end pricing.",Listeners prioritising transparency and signal pass-through. Pairs naturally with warm or full-bodied downstream chains.,Audibility-research-grounded transparency vs R2R harmonic continuity (vs Denafrips). Custom-discrete transparency vs ring-DAC oversampling refinement (vs dCS).,Warm / rich — directly inverts the brand's transparency-first identity.,Cold (transparency does not mean cold). Same as dCS (engineering philosophies differ on whether refinement comes from oversampling-ladder topology or audibility-aware signal pass-through).,"Strongly measurement-forward, with explicit audibility-research grounding.",high,high,medium-high,FALSE,Tambaqui specifically is well-documented; the broader Mola Mola line less so.
Lampizator,DAC,"Tube-output DAC with discrete digital architectures (DSD-native, R2R variants depending on model). The design intent is harmonic colouration through a tube output stage — the digital architecture varies, but the tube output stage is the brand's identity.",,"(1) Tube output stage as the brand-defining element. (2) Discrete digital architecture (model-dependent). (3) Tube-rolling flexibility for user voicing. (4) Build presence and tube-aesthetic.",Warm; harmonically saturated; tube-output bloom on transients; relaxed transient timing; midrange continuity from tube-stage harmonic addition. Distinguished from R2R warmth: Lampizator's warmth comes from the tube output stage not from the conversion topology.,(1) Distinct tube-output coloration at the source. (2) User-rollable tube character. (3) Pairs particularly well with solid-state amplification needing harmonic addition.,(1) Pricing scales steeply with line position. (2) Tube dependency requires occasional replacement. (3) Tube-output coloration pronounced enough that some listeners find it too forward.,Listeners specifically seeking tube character at the source. Pairs naturally with neutral-to-precise solid-state amplification.,Tube-output coloration vs R2R harmonic continuity (vs Denafrips). Tube-output character vs measurement-forward chip transparency (vs Topping).,Flattening into warm DAC without naming the tube-output mechanism.,Coloured without context (the colour is design intent not a defect). Slow without context (the relaxed transient timing is intentional).,Strongly experiential.,medium-high,medium,medium,TRUE,Voicing varies between models more than most brands. Per-line capsules may be needed.
TotalDAC,DAC,"Discrete R2R ladder DAC with per-unit customisation. The design intent is small-batch boutique R2R conversion with per-unit voicing — vinyl-like transient timing through R2R conversion plus per-unit resistor selection — rather than line-graduated price tiers.",,"(1) Discrete R2R topology. (2) Per-unit resistor selection and tuning. (3) Voicing oriented toward vinyl-like transient timing distinct from production-tier R2R. (4) Boutique-scale build.",Warm; dense; spatially intimate; transient timing closer to vinyl playback than to oversampling delta-sigma. Distinct from Denafrips and Holo: TotalDAC's warmth is more intimate than Denafrips's relaxed warmth less dynamically engaged than Holo's.,(1) Boutique R2R voicing distinct from line-graduated R2R. (2) Per-unit voicing precision. (3) Build quality.,(1) High pricing at all tiers. (2) Small-batch production limits availability. (3) Less dynamic immediacy than FPGA or solid-state designs.,Listeners seeking vinyl-like presentation at the digital source.,Per-unit boutique R2R customisation vs graduated-line R2R house voicing (vs Denafrips). Vinyl-leaning transient timing vs dynamically engaged R2R (vs Holo).,Equating with Denafrips or Holo without naming TotalDAC's specifically intimate vinyl-leaning voicing.,Coloured without context. Same as Denafrips (TotalDAC is more intimate and less line-consistent). Analogue-leaning without specifier — name the specific analog property (vinyl-like transient timing).,Strongly experiential.,high,medium,medium,FALSE,Per-product calibration may need refinement. v2 replaced analogue-leaning with the specific transient-timing property.
LAiV,DAC,"Boutique discrete R2R DAC oriented toward harmonic texture — closer to Denafrips/Holo end of the R2R spectrum than to Rockna's neutral R2R interpretation.",,(1) Discrete R2R. (2) Tonal density emphasis. (3) Boutique build at moderate boutique pricing.,"Warm; dense; midrange continuity through R2R conversion; boutique-build character. Less differentiated from Denafrips/Holo than other capsules — LAiV's distinct identity is currently more about boutique-tier positioning than about a separate sonic signature.",(1) Harmonic-density-oriented R2R. (2) Midrange continuity.,(1) Smaller-brand availability. (2) Less independent review coverage. (3) Identity overlap with established R2R competitors.,Similar to Denafrips/Holo listeners; differentiation is brand-tier rather than sonic-philosophy.,LAiV is best framed alongside Denafrips/Holo as a smaller-brand alternative not as a distinct sonic philosophy.,Overclaiming a unique LAiV identity that the review consensus does not support.,Same as Denafrips (broadly similar but smaller-brand boutique character; LAiV's case is genuinely similar not differentiated).,Experiential.,medium-high,medium,medium,FALSE,Capsule honestly admits identity overlap with Denafrips/Holo.
Rockna,DAC,"Discrete R2R DAC engineered for tonal balance closer to neutral than to warmth. The design intent is R2R texture and harmonic articulation without the warmth bias of Denafrips/Holo — a deliberately different R2R interpretation.",,(1) Discrete R2R topology. (2) Tonal balance closer to neutral. (3) Measurement-aware design within the R2R category.,Neutral; texturally articulate; harmonically present without low-mid emphasis; balanced rather than tonally weighted. Specifically not warm — Rockna distinguishes itself from warm-R2R brands by tonal-balance choice.,(1) R2R texture without imposing warmth. (2) System pairing flexibility — no warm-bias to compound. (3) Bridges R2R-enthusiast and neutrality-prioritising listeners.,(1) Less harmonic body than Denafrips/Holo for listeners specifically seeking warmth. (2) Less measurement-class precision than chip-based flagships.,Listeners wanting R2R texture without warmth. Pairs across both tube and solid-state amplification without imposing tonal-balance shift.,Neutral R2R interpretation vs warmth-leaning R2R (vs Denafrips/Holo). R2R texture without tonal-balance shift vs measurement-forward delta-sigma (vs Topping).,Lumping all R2R DACs into warm — Rockna is the explicit exception.,Warm — Rockna's design intent is neutral R2R; framing it as warm directly inverts the brand's identity.,Hybrid — R2R topology with neutral voicing.,high,medium-high,medium-high,FALSE,The neutral-R2R framing is what differentiates Rockna; capsule must protect it.
MHDT Labs,DAC,"Non-oversampling (NOS) DAC with tube output stage. The design intent combines NOS conversion timing with tube-output harmonic coloration at sub-flagship pricing.",,(1) NOS conversion (no upsampling no digital filtering). (2) Tube output stage. (3) Midrange continuity through combined NOS conversion timing + tube output. (4) Value pricing for tube-output character.,"Warm; dense; relaxed transient timing characteristic of NOS conversion; tube-output harmonic coloration. Distinguished from Lampizator: MHDT's NOS conversion contributes its own timing character on top of the tube-output coloration.",(1) Tube-output character at sub-flagship pricing. (2) NOS conversion's specific timing signature. (3) Pairs well with solid-state amplification.,(1) Less transient speed than oversampling DACs. (2) Tube dependency.,Listeners seeking tube-source character on a moderate budget.,NOS conversion with tube-output character vs oversampling chip-based transparency (vs Topping). Sub-flagship NOS-tube vs flagship Lampizator tube-output (vs Lampizator).,Generic warm DAC framing without naming the NOS-and-tube combination.,Slow without context — the relaxed transient timing is the NOS character.,Strongly experiential.,medium-high,medium-high,medium-high,FALSE,None.
Schiit Audio,"DAC, amplifier, headphone amp","American value-engineering with explicit philosophical opposition to high-tier audio pricing. Schiit deliberately spans multiple topology philosophies (R2R/multibit on the Yggdrasil/Bifrost line; delta-sigma on Modi/Modius; tube and solid-state on the amp lines). The design intent is not a single sonic identity — it is honest performance-per-dollar across multiple philosophical lanes.",,"(1) Value-per-dollar across multiple topologies. (2) Iteration cadence (model refresh and improvement). (3) Sonically-defensible engineering choices regardless of audiophile fashion.","Varies materially by line. Yggdrasil/Bifrost (R2R/multibit): warm, dense, textured. Modi/Modius (delta-sigma): clean, neutral, lean. Tube products (Freya+, Lyr, etc.): tube character per topology. No single brand-level sonic tendency applies.",(1) Multi-topology choice within a single brand. (2) Iteration responsiveness. (3) Value at every tier.,(1) Build quality is functional rather than premium. (2) Multi-line span makes brand-level reasoning structurally inadequate.,Varies by specific model and topology. Brand-level system-fit framing is unsafe.,"ALWAYS specify the model. Schiit Yggdrasil vs Denafrips Pontus is a substantive comparison. Schiit vs Denafrips is not.",Treating Schiit as a single sonic identity.,Brand-level sonic claims without model anchor.,"Spans both, model-dependent.",medium,medium,medium,TRUE,Per-line capsules required for synthesis-layer use. Brand-level capsule is navigation only.
Benchmark,"DAC, amplifier","Studio / pro-audio engineering carried into hi-fi. The design intent is honest signal pass-through — the recording arrives at the listener with minimum additive coloration — engineered for studio-grade reliability and measurement-rigorous transparency.",,(1) Measurement transparency. (2) Ultra-low THD+N. (3) Studio-grade reliability and longevity. (4) Honest pass-through with low harmonic emphasis.,"Transparent; clean; neutral; fast transient definition; analytical without etched edge; low harmonic emphasis. Distinguished from Topping: Benchmark's pro-audio lineage prioritises reliability and pass-through honesty across long sessions, where Topping prioritises measurement specification per dollar.",(1) Pro-audio reliability and longevity. (2) Transparent signal pass-through reveals upstream and downstream limitations. (3) Engineering rigour.,(1) Less tonal weight than R2R or tube designs. (2) Some listeners find the pass-through honesty too revealing of recording limitations.,Listeners and engineers prioritising honest signal reproduction. Pairs naturally with warmer-leaning sources or speakers. Reveals what is in the recording.,Pro-audio pass-through transparency vs experiential character (vs tube / R2R brands). Studio-grade reliability with measurement transparency vs measurement-spec-per-dollar (vs Topping).,Cold / sterile — pejorative; the brand intent is honesty.,Cold — neutral-and-clean is the engineering intent not character failure.,"Strongly measurement-forward, with pro-audio lineage.",high,high,high,FALSE,None.
Gustard,DAC,"Chinese specialist building DACs across both delta-sigma and R2R architectures. The design intent is architectural breadth at value pricing — Gustard offers a choice of topology rather than a single voicing.",,,"Architecture-dependent. ESS models (X16, X26 Pro): neutral, clean, fast — analogous to Topping/SMSL philosophy. R2R models (R26): warmer, more textured than ESS line, but less softer-focused than Denafrips.",,,,"ALWAYS specify model. Gustard X26 Pro vs Topping D90 is a substantive comparison. Gustard vs Denafrips is not.",,Treating Gustard as a single voice.,"Spans both, model-dependent.",medium,medium,medium,TRUE,Per-architecture capsules required for synthesis-layer use.
SMSL,"DAC, amplifier","Compact measurement-oriented Chinese specialist using ESS/AKM chip implementations. The design intent overlaps with Topping but emphasises form-factor compactness and broader product-range coverage (desktop, headphone, integrated) over flagship-tier measurement-spec leadership.",,(1) Compact form factor. (2) Broad product-range coverage. (3) Measurement-class performance at value pricing. (4) ESS/AKM chip-implementation quality.,"Lean; neutral-to-analytical; clean; fast transient definition; light tonal weight. Distinguished from Topping: SMSL's voicing is comparable but the brand's identity emphasises compact / desktop-form coverage rather than flagship-spec contention.",(1) Compact desktop-friendly builds. (2) Broad product range across price tiers. (3) Value at measurement-class transparency.,(1) Tonal density and harmonic richness are not the design priority. (2) Less flagship-spec contention than Topping.,Listeners prioritising compact desktop / mid-fi builds at value pricing. Same downstream-pairing pattern as Topping.,Compact desktop-form measurement transparency vs flagship-spec measurement transparency (vs Topping). Measurement-forward delta-sigma vs R2R harmonic continuity (vs Denafrips).,Treating SMSL and Topping as interchangeable; the form-factor and product-range emphasis differs.,Warm — same negation-vulnerability profile as Topping; SMSL is lean not warm.,Strongly measurement-forward.,high,high,high,FALSE,Capsule explicitly differentiates SMSL from Topping on form-factor / product-range axis rather than pretending sonic differentiation.
Shindo Laboratory,Amplifier (preamp and power amp),"Hand-built tube amplifiers, each circuit individually designed around its chosen tube set. The design unit is the individual circuit rather than a model line — Ken Shindo's lineage emphasises per-circuit voicing using selected vintage and NOS tubes.","Mechanism: per-circuit individual tube design with hand-wound transformers and point-to-point wiring; vintage / NOS tube selection per circuit. Behavior: harmonic saturation through tube circuit choice; transient leading edges shaped by tube character and transformer behavior; output power constrained by topology, requiring high-sensitivity speakers. Perception: listeners report dense, harmonically saturated, physically present, long-form listenable; transient timing is relaxed. Preference fit: listeners prioritising tonal density and harmonic saturation over measurement-class neutrality, with high-efficiency speakers in their system. The speaker pairing is part of the design.","(1) Per-circuit individual design — no stock topologies. (2) Hand-wound transformers and point-to-point wiring. (3) NOS / vintage tube selection. (4) System pairing with high-efficiency speakers.",Dense; harmonically saturated; midrange continuity through tube-circuit harmonic structure; tonally weighted; transient timing relaxed; spatial presentation favours physical presence over imaging precision. Distinguished from generic tube warmth: Shindo's character is specifically dense and harmonically saturated not lush-and-rolled.,(1) Per-circuit specificity — each Shindo circuit is voiced individually. (2) Hand-wound transformer and point-to-point construction. (3) Deep system synergy with high-efficiency speakers (DeVore Altec Tannoy heritage).,(1) Limited bass authority and dynamic headroom relative to high-power solid-state. (2) Requires high-sensitivity speakers (90 dB+). (3) Vintage-tube dependency — replacement tubes scarce. (4) Limited production.,Listeners prioritising tonal density and harmonic saturation over measurement-class neutrality. Pairs with high-efficiency speakers; the speaker pairing is part of the design.,Per-circuit hand-built tube design vs measurement-driven solid-state (vs Pass Labs). Per-circuit individual design vs integrated-system tube philosophy (vs Audio Note). Single-ended / push-pull tube density vs push-pull tube rhythmic articulation (vs Leben).,Generic warm tube amp framing — collapses Shindo into a category aesthetic.,Neutral (Shindo is explicitly tonally weighted). Slow (the relaxed transient timing is intentional). Coloured without explanation (the colour is the brand's identity). Emotional / musical without grounding — replace with the mechanism (per-circuit voicing tube saturation).,Strongly experiential. The brand's positioning explicitly opposes measurement-driven design.,high,medium-high,high,FALSE,v2 added explicit engineering chain. Replaced flowing with midrange continuity through tube-circuit harmonic structure.
Pass Labs / First Watt,Amplifier,"Nelson Pass design lineage — class-A solid-state with low or zero feedback. The design intent is harmonically natural circuit behavior — even-order harmonic content from class-A topology without tube character. Contrasted explicitly against tube circuits: the harmonic structure is class-A-derived not tube-derived. First Watt is the lower-power experimental sister brand.",,"(1) Class-A operation. (2) Low feedback or zero feedback topologies. (3) Harmonically natural circuit behavior (even-order harmonics from class-A topology not from tubes). (4) Minimalism in signal path.","Dense (tonally weighted); harmonically natural in the class-A even-order sense, without tube saturation; not warm in the tonal-balance sense; transient response relaxed without being slow; harmonic structure full. Distinguished from Hegel: Pass's body comes from class-A topology and harmonic structure; Hegel's body comes from high-current solid-state with proprietary feedback techniques.",(1) Class-A harmonic structure without tube dependency. (2) Broad speaker compatibility (high-power Pass) or specialist matches (First Watt low-power). (3) Long design lineage and consistent house philosophy.,(1) Class-A heat dissipation. (2) Statement-tier pricing on flagship Pass models. (3) First Watt models are speaker-specific.,Listeners seeking tube-adjacent harmonic structure without tube maintenance.,Class-A topology with low feedback vs high-current solid-state with feedback techniques (vs Hegel). Class-A harmonic structure vs tube harmonic saturation (vs tube brands).,Warm — Pass is not warm in the tonal-balance sense; it is tonally weighted with full harmonic structure. Tube-like without qualification — Pass is solid-state class-A with even-order harmonic content not tube character.,Warm — Pass's body is harmonic and tonal-weight not low-mid emphasis. Tube-like — solid-state with class-A topology not tube. Musical without grounding — replace with the class-A harmonic-structure mechanism.,Hybrid — engineering is measurement-rigorous; voicing is experientially calibrated.,high,high,high,FALSE,v2 replaced tube-adjacent musicality with the specific harmonic-structure mechanism.
Naim Audio,"Amplifier, streamer, integrated","British engineering centred on timing-domain accuracy and power-supply behavior. The design intent is temporal fidelity — the time relationships between musical events are preserved with priority over tonal density or spatial precision. The audible result is what British audio writers call PRaT (pace, rhythm, and timing); the engineering intent is temporal accuracy.","Mechanism: timing-domain emphasis through power-supply design and discrete circuit topology, plus tightly damped bass alignment in the integrated amplifiers. Behavior: transients arrive with consistent timing across the frequency range; bass damping is tight; temporal alignment between musical events is preserved. Perception: listeners report propulsive, forward, rhythmically engaged — what British reviewers historically call PRaT. Preference fit: listeners prioritising rhythmic momentum, particularly on rock, jazz, electronic material; less aligned for listeners prioritising spatial precision or tonal density.",(1) Timing-domain accuracy. (2) Tightly defined bass for rhythmic clarity. (3) Ecosystem-level signal-path consistency across Naim's own electronics. (4) Forward-leaning presentation that emphasises engagement-through-timing.,Forward; tightly defined bass; transient definition emphasised; tonal density less than warm-leaning brands; spatial precision present but not the primary axis. Specifically not warm not smooth — Naim is propulsive and articulate with timing as the dominant axis.,(1) Timing-domain accuracy as primary engineering target. (2) Rhythmic momentum particularly on rock / jazz / electronic material. (3) Naim within-brand component pairing produces consistent timing across the chain.,(1) Less tonal density than warm-leaning brands. (2) Less spatial precision than refinement-focused designs. (3) Some listeners find the forward presentation fatiguing.,Listeners prioritising rhythmic momentum and temporal accuracy. Pairs with speakers having good transient response; less suited to listeners prioritising spatial-imaging precision.,Timing-domain accuracy vs harmonic density (vs warm tube brands). Temporal fidelity vs resolution refinement (vs dCS-tier sources). PRaT engineering vs tube-coloration engineering (vs Shindo / Audio Note).,Describing Naim as warm or smooth — directly inverts the brand's identity. Generic British warmth framing — Naim is not warm; the British engineering tradition includes both warmth-leaning and timing-leaning brands.,Warm — Naim is propulsive and forward not warm. Smooth — Naim is articulate not smooth. British warmth — Naim's British heritage is timing-focused not warmth-focused. Laid-back — directly inverts; Naim is propulsive.,Hybrid — timing accuracy is measurable; voicing is engagement-focused.,high,high,high,FALSE,v2 added explicit engineering chain. Replaced spatial holography with spatial precision.
Goldmund (and JOB),"Amplifier, DAC","Swiss engineering centred on treating mechanical behavior as part of signal integrity. Goldmund's design philosophy positions chassis, component coupling, and inter-unit interfaces as a single mechanical-energy management problem — the architecture is engineered to dissipate and ground mechanical energy across the signal path rather than to address structural stiffness alone. The expected consequence is improved transient and dynamic behavior at the circuit level. JOB is the accessible sister brand applying the same DNA in lower-power integrated form.","Mechanism: mechanically grounded chassis architecture with mechanical-energy dissipation across component mounts and inter-unit interfaces; low-feedback signal-path topology; transient-timing emphasis. Mechanical behavior is treated as part of signal integrity not as a structural concern separate from the circuit. Behavior: the philosophy predicts cleaner transient leading edges and reduced mechanically-coupled modulation of the output stage; direct comparative measurement of these effects against alternative chassis approaches is under-documented in independent measurement archives. Perception: listeners report fast, transparent, spatially precise, composed; tonal weight is lean. Preference fit: listeners prioritising transient speed and architectural composure; less aligned for listeners seeking tonal density at the amplifier stage.","(1) Vibration-control-focused system design — mechanical-energy dissipation and grounding across chassis, component mounts, and inter-unit interfaces. (2) Transient timing accuracy. (3) Low-feedback signal path. (4) Architectural / system-level design — Goldmund treats the rack as part of the signal path.","Fast transient definition; signal pass-through with low mechanically-coupled contribution at the output; tonally lean; controlled dynamics; low harmonic emphasis. Distinguished from Topping: Goldmund's leanness is the audible result of mechanical-energy management and timing engineering not of measurement-specification engineering.",(1) Transient timing precision. (2) System-level architectural composure. (3) Reveals upstream chain quality.,(1) Lean tonal weight requires speakers / sources with their own body. (2) Statement-tier pricing on Goldmund line. (3) Compounds leanness in already-precise chains.,Listeners prioritising transient speed and architectural composure. Pairs with bodied speakers; risks compounding leanness with already-lean partners.,Mechanical-energy management and transient timing engineering vs class-A harmonic structure (vs Pass Labs). System-level architectural engineering vs measurement-spec engineering (vs Benchmark).,Describing Goldmund as analytical as a character — Goldmund's leanness is design-intent not analytical-character. Reducing the mechanical engineering to rigid chassis — the philosophy is mechanical-energy dissipation and grounding not stiffness alone.,Bright — clarity is via timing and mechanical-energy management not via treble emphasis. Cold / analytical as character — the brand's leanness is engineering intent not analytical disposition. Romantic / tube-like / warm — directly inverts the brand's identity. Rigid chassis as shorthand for the philosophy — the design intent is grounding and dissipating mechanical energy across the signal path not chassis stiffness as such.,Hybrid — measurement-rigorous in distortion and timing; experientially calibrated at the perception layer; the mechanical-grounding behavior layer is honestly under-measured.,high,medium,high,FALSE,v2 added explicit engineering chain. Soak-audit revision: behavior confidence lowered from high to medium; mechanism wording strengthened away from generic rigid-chassis framing toward mechanical-energy dissipation and grounding.
JOB (Goldmund sister),Integrated amplifier,Goldmund design DNA at accessible pricing. The design intent is to deliver transient timing and architectural coherence in an integrated form factor at significantly lower price than Goldmund.,,,Fast transient definition; elastic transient character (natural attack-and-decay shape); harmonic structure with slightly golden tonal character (more harmonic content than cool-and-clean solid-state); microdynamic articulation; spatial openness. JOB's golden tonality comes from circuit topology and is not present in Goldmund's flagship voicing.,,,,Goldmund DNA at integrated-pricing vs Goldmund flagship (vs Goldmund). Class-A solid-state with golden tonality vs class-A solid-state without golden tonality (vs Pass Labs).,,Bright — JOB is fast and elastic not treble-emphasised. Same as Goldmund — JOB has a distinct golden tonality not present in Goldmund flagship.,,high,high,high,FALSE,None.
Hegel,"Amplifier, integrated, DAC","Norwegian engineering centred on high-current solid-state with proprietary distortion-reduction circuitry (SoundEngine). The design intent is bodied solid-state with high-current drive into difficult loads — distinct from Pass's class-A topology approach.",,(1) High-current output stages. (2) Proprietary feedback / distortion-reduction circuitry. (3) Drive-difficult-speaker capability. (4) Bodied tonal character without tube colouration.,Dense (bodied); controlled; high-current effortless drive into difficult loads; spatially open; tonal balance neutral; dynamic capability strong; harmonic emphasis lower than Pass. Distinguished from Pass Labs: Hegel's body comes from high-current solid-state with feedback-reduction techniques; Pass's body comes from class-A topology with low/zero feedback. The audible weight is similar; the engineering is different.,(1) Drives difficult speakers without strain through high-current output stage. (2) Bodied solid-state without tube dependency. (3) Composure at high SPL.,(1) Less tonal character than warm tube designs. (2) Some listeners find the neutrality reserved.,Listeners wanting solid-state drive with body. Particularly aligned for difficult-to-drive speakers.,High-current solid-state with feedback-reduction techniques vs class-A topology with low feedback (vs Pass Labs). Bodied solid-state vs warm tube (vs tube brands). Bodied solid-state vs measurement-class transparency (vs Benchmark).,Warm — Hegel is bodied / dense not warm in the tonal-balance sense.,Warm — body / density without low-mid emphasis. Boring — the neutrality is design intent. Same as Pass Labs — sound similar in places but engineering philosophies differ. Effortless without mechanism — Hegel's ease comes specifically from high-current output not magic.,Hybrid.,high,high,high,FALSE,v2 grounded effortless in the high-current output mechanism.
Luxman,"Amplifier, DAC, integrated",Long-established Japanese manufacturer building both tube and solid-state designs. The design intent is consistent tonal-balance voicing across topologies with emphasis on tonal density combined with composure rather than dynamic drama.,,,Slightly warm (subtle low-mid emphasis); dense; composed; controlled; spatial presentation without imaging drama.,,,,Tonal-density-with-composure voicing vs propulsive timing engineering (vs Naim). Tube-and-solid-state line voicing vs class-A topology (vs Pass Labs).,,Warm-and-loose — Luxman has tonal density with composure and control not bloom.,,high,high,high,FALSE,v2 replaced refined / spatially natural with operationally specific terms.
Accuphase,"Amplifier, integrated, DAC",Japanese long-tenure solid-state manufacturer with deep build longevity and uniform tonal-balance voicing across the line. The design intent is long-term reliability paired with consistent tonal-balance polish — distinct from Western statement-tier brands' approach to dynamic drama.,,,"Smooth (absence of edge on transients); uniform tonal-balance polish across the line; neutral with subtle warmth; dynamic capability composed rather than dramatic. Distinguished from Luxman: Accuphase's polish is more uniform across the line; Luxman's voicing varies more between models and tube/solid-state.",,,,Uniform tonal-balance polish across the line vs European dynamic drama or American power (vs Western statement brands). Smooth solid-state vs tube saturation (vs tube brands).,,Warm — neutral with subtle warmth and uniform polish not warm in the tonal-balance sense. Refined without specifier — the specific refinement is uniform tonal-balance polish across the line.,,medium-high,high,high,FALSE,v2 replaced refined Japanese voicing / tonally polished with the specific property.
McIntosh,"Amplifier, integrated, preamplifier","American engineering with autoformer-coupled output coupling on most models, hybrid topologies (tube preamp + solid-state output) on the MA series, and tube heritage in the dedicated tube line. The brand's identity is the McIntosh house warmth — a deliberately tonally weighted, dense presentation — combined with iconic visual identity (glass-front aesthetic). The brand spans tube, hybrid, and solid-state lines with related but distinct voicings.",,,"Varies by line. MA hybrid line: warm, dense, full-bodied, smooth, spatially dimensional. Tube line: closer to traditional tube character with greater harmonic saturation. Solid-state line: similar warmth but with autoformer coupling shaping bass character.",,,,Autoformer-coupled hybrid warmth vs class-A solid-state harmonic structure (vs Pass Labs). ALWAYS specify line for cross-tube/hybrid/solid-state comparisons.,,Treating McIntosh as a single sonic identity — line-level disambiguation required. Holographic without grounding — the spatial property is dimensional presentation produced by autoformer-coupled output behavior not generic holographic praise.,Strongly experiential.,medium-high,medium-high,medium-high,TRUE,The MA hybrid line is the most-cataloged here (MA252 MA12000); tube and solid-state lines deferred. v2 replaced holographic with spatially dimensional.
Leben,Amplifier (push-pull tube),"Japanese push-pull tube amplifiers (CS300, CS600) built around the KT77/KT88 tube family. The design intent combines tube harmonic saturation with rhythmic articulation — distinct from SET designs' intimacy and from Shindo's per-circuit individuality.",,,Warm; dense; harmonically saturated; rhythmically articulate through push-pull tube dynamics (unusual for tube amps in this power tier); bass grip surprising for the power output. Distinguished from Shindo: Leben's character emphasises rhythmic articulation through push-pull tube behavior where Shindo emphasises harmonic density through per-circuit voicing.,,,,Push-pull tube rhythmic articulation vs single-ended tube intimacy (vs SET designs). Push-pull tube dynamic articulation vs per-circuit Shindo voicing (vs Shindo).,,Slow — Leben is rhythmically articulate for a tube amp.,,high,high,high,FALSE,None.
DeVore Fidelity,Speaker,Brooklyn-based speakers voiced by ear in real rooms with real music — explicitly not by anechoic measurement target. The design intent is rhythmic articulation and vocal continuity through listening-driven voicing rather than measurement optimisation.,,,Warm midrange; harmonic structure rich; rhythmic articulation present; tonally weighted body; less measured linearity than precision-target speakers; voicing tuned for low-to-moderate SPL listening.,(1) Rhythmic articulation and midrange body. (2) High-sensitivity options (Orangutan series) pair with low-power tube amplification. (3) Less placement-sensitive than narrow-pattern designs.,(1) Less measured linearity than precision speakers. (2) Less analytical separation. (3) Boutique-tier pricing.,Listeners prioritising rhythmic articulation and midrange body. Pairs naturally with low-power tube amplification (Shindo Leben SET designs).,Voiced-by-ear rhythmic articulation vs measurement-target precision (vs KEF / Magico).,,Cold / analytical — directly inverts identity. Neutral — DeVore is intentionally voiced not neutral. Natural without specifier — DeVore's natural is specifically vocal continuity through ear-voiced midrange.,Strongly experiential.,medium-high,medium,high,FALSE,v2 replaced tonal naturalness with vocal continuity.
Boenicke Audio,Speaker,Swiss small-cabinet speakers from solid hardwood (no MDF). The design intent is spatial dimensionality through cabinet-disappearance — solid-hardwood cabinet behavior plus driver matching engineered to minimise audible cabinet contribution.,,,Spatially dimensional; airy; tonally even (no systematic emphasis); cabinet contribution minimal; surprising scale for small cabinet size. Distinguished from KEF: Boenicke's spatial character comes from cabinet design and driver matching; KEF's spatial character comes from the Uni-Q coaxial driver.,,,,Solid-hardwood cabinet engineering vs MDF-cabinet engineering (vs most competitors). Cabinet-disappearance spatial dimensionality vs scale and dynamic authority (vs Wilson / Magico).,,Warm — tonally even not warm in the tonal-balance sense. Natural without specifier — replace with the specific property (tonal evenness; cabinet-disappearance spatial behavior).,Hybrid — measurement-aware but experientially voiced.,high,medium-high,high,FALSE,v2 replaced tonally natural with the specific property — tonal evenness.
Harbeth,Speaker,"British BBC-lineage monitors (LS3/5a heritage) centred on the RADIAL polypropylene midrange driver and a cabinet philosophy that uses controlled cabinet contribution rather than maximum-rigidity suppression. The design intent is midrange accuracy and vocal clarity — direct descendants of the BBC LS series broadcasting monitors.","Mechanism: RADIAL polypropylene midrange driver, BBC-lineage cabinet design that allows controlled cabinet behavior, voicing target oriented to vocal accuracy. Behavior: midrange continuity across transients; relaxed transient leading edges through driver and cabinet behavior; treble extension constrained by the driver philosophy. Perception: listeners report vocally accurate, tonally honest in the midrange, relaxed, smooth on transients; scale and dynamic headroom less than larger floorstanders. Preference fit: listeners prioritising vocal reproduction and long-session midrange comfort; less aligned for listeners prioritising treble extension or large-scale dynamics.","(1) RADIAL polypropylene midrange driver. (2) Cabinet philosophy with controlled contribution (BBC-lineage rather than maximum-rigidity). (3) Vocal accuracy as the primary voicing target. (4) Long-term broadcast-monitor lineage.","Vocal accuracy; tonally honest in midrange; smooth (absence of edge) on transients; scale less than larger floorstanders; treble extension less than ribbon / beryllium tweeter designs. Distinguished from Spendor: Harbeth's RADIAL midrange driver is the brand's identity-defining engineering choice; Spendor's identity is split between BBC-lineage Classic line and contemporary D/A line.",,,,BBC-lineage midrange accuracy via RADIAL driver vs contemporary driver-stack imaging (vs KEF). Single-philosophy BBC lineage vs split-line BBC + contemporary (vs Spendor).,,Boring — the midrange accuracy is the design intent. Warm — vocally accurate not warm. Natural without specifier — Harbeth's natural is specifically vocal naturalness. Etched / hyper-detailed — directly inverts the relaxed-transient design intent.,Hybrid.,high,high,high,FALSE,v2 added explicit engineering chain.
Spendor,Speaker,British heritage with two distinct philosophical lines: Classic (BBC-lineage parallel to Harbeth) and D/A (contemporary less BBC-derivative). The brand identity is dual-line rather than single-philosophy.,,,"Line-dependent. Classic line: closer to Harbeth — midrange-natural, tonally honest, smooth. D/A line: more contemporary voicing, broader frequency-response presentation, less BBC-monitor-derived.",,,,Disambiguate by line. Spendor Classic line vs Harbeth — substantive comparison. Spendor D/A line vs contemporary speakers — substantive. Spendor vs anything without line specification — too coarse.,,,,medium,medium,medium-high,TRUE,Two genuinely distinct lines requiring per-line capsules.
Magnepan,Speaker (planar magnetic),Planar-magnetic dipole speakers with large-area diaphragms. The design intent is naturalness through low-mass driver topology and dipolar dispersion — a fundamentally different presentation from box speakers.,,,Spatially dimensional; transient response fast (low driver mass); tonally even across the panel; less bass extension than ported boxes; scale large; sensitivity lower than typical boxes.,,,,Planar-magnetic dipole topology vs cone-driver box topology (vs all box speakers). Planar dipole spatial dimension vs box-speaker bass extension.,,Bass-shy without context — the bass character is dipolar back-radiation behaviour not bass deficiency.,,high,high,high,FALSE,None.
KEF,Speaker,British engineering centred on the Uni-Q coaxial driver array. The design intent is point-source coherence — tweeter and midrange share a spatial origin producing time-aligned imaging consistent across the listening axis.,,,Time-aligned imaging precision (point-source coherence); tonally neutral; consistent across listening positions; controlled; clean. Distinguished from Boenicke: KEF's spatial character is point-source coherence via coaxial driver; Boenicke's is cabinet-engineering-driven dimensionality.,,,,Uni-Q coaxial point-source coherence vs traditional driver-stack imaging (vs most competitors). Measurement-target imaging vs voiced-by-ear rhythmic articulation (vs DeVore).,,Cold — neutral and precise not cold.,Strongly measurement-forward.,high,high,high,FALSE,None.
WLM (Wiener Lautsprecher Manufaktur),Speaker (high-efficiency horn / horn-loaded),Austrian high-efficiency speakers engineered for low-power tube amplification. The design intent is dynamic ease at moderate SPL through high sensitivity — distinct from precision-monitor philosophy.,,,Dense; harmonic structure rich; dynamic ease at moderate SPL through high sensitivity; less measured linearity than precision speakers; vocally articulate.,,,,High-efficiency dynamic-ease speaker engineering vs measurement-class precision speaker engineering (vs KEF).,,Coloured without context — the coloration is the design intent.,,medium,medium,medium,FALSE,Thinner independent review consensus.
Wilson Audio,Speaker,"American statement-tier speakers with large-cabinet engineering and custom drivers. The design intent across the line is dynamic capability and resolution at scale — but the line spans materially different voicings (Sasha vs Alexx vs Sabrina), and brand-level single-identity treatment is less defensible than for single-philosophy brands.",,,"Line-dependent. Sasha series: dynamic, neutral with subtle low-mid weight, large-scale. Sabrina (smaller form): scaled-down version with similar voicing intent. Alexx / WAMM (flagship): higher resolution, more uniform tonal-balance polish.",,,,Specify model series. Wilson Sasha vs Magico S series — substantive. Wilson vs Magico without model — too coarse.,,Bright — neutral with subtle low-mid weight not treble-emphasised. Treating Wilson as a single voice across the entire line. Natural / refined without specifier — replace with the specific property.,,medium,medium,medium-high,TRUE,Line spread is wider than v0 acknowledged.
Magico,Speaker,American statement-tier speakers with aluminium / composite cabinet engineering centred on resonance suppression. The design intent is signal pass-through — minimum cabinet contribution to the audible result.,,,Transparent through cabinet-resonance suppression (low audible cabinet contribution); neutral; spatially precise; dynamically linear; low harmonic emphasis. Distinguished from Wilson: Magico's transparency comes from cabinet-resonance engineering (vanishing cabinet contribution); Wilson's character comes from large-cabinet resolution at scale.,,,,Cabinet-resonance suppression engineering vs large-cabinet resolution engineering (vs Wilson). Aluminium-composite cabinet engineering vs voiced-by-ear cabinet philosophy (vs DeVore).,,Cold — transparency through cabinet-resonance suppression does not mean cold.,Strongly measurement-forward.,high,high,medium,FALSE,Line is broader than capsule covers.
Rega,"Turntable, amplifier","British engineering centred on rhythmic timing through low mass and rigid construction. The design intent is timing-domain accuracy across the analog playback chain — turntables, cartridges, and amplifiers all engineered around pace and articulation.",,,,,,,Low-mass rigid-construction rhythmic engagement vs heavy-mass tonal-density engineering (vs heavy-platter turntables / Linn).,,,,high,high,high,FALSE,None.
Audio Note (UK),"DAC, amplifier, speaker (full system philosophy)",British boutique brand with an integrated system philosophy: NOS DAC conversion + zero-feedback / low-feedback amplification + high-efficiency speaker matching. The design unit is the complete system — each component is engineered to be heard as part of an Audio Note stack. Distinguished from Shindo: Shindo's design unit is the individual circuit; Audio Note's is the full system topology.,,,Warm; dense; harmonically rich; midrange continuity through tube circuit + NOS conversion + high-efficiency speaker matching; spatially intimate; relaxed transient timing.,,,,Integrated-system tube philosophy (DAC + amp + speaker) vs per-circuit individual tube design (vs Shindo). NOS-conversion + zero-feedback experiential design vs measurement-forward design.,,Neutral — Audio Note is explicitly tonally weighted. Clinical — opposite of design philosophy. Same as Shindo — both tube experiential but Audio Note's identity is system-level Shindo's is circuit-level.,Strongly experiential.,high,medium-high,high,FALSE,Audio Note (UK) is NOT currently in the Audio XX catalog. Editorial archetype only.
Hornshoppe (the horn shoppe),Speaker (single-driver rear-loaded horn),American boutique single-driver horn speakers built around a Fostex full-range driver. The design intent is single-driver coherence — no crossover no driver-summing artefacts.,,,Single-driver coherence (no crossover-summing artifacts); transient definition fast; vocally articulate; tonally lean rather than warm; bass extension limited by single-driver topology. Specifically not warm — Hornshoppe explicitly counters the warm horn stereotype.,,,,Single-driver coherence vs multi-driver crossover-summed imaging (vs all multi-driver speakers).,,Warm — Hornshoppe is tonally lean despite the horn topology. Same as Klipsch / horn-typical — single-driver and full-range not the multi-driver horn stereotype. Coherent without specifier — Hornshoppe's coherence is specifically single-driver coherence (no crossover-summing).,,medium,medium,medium,FALSE,Narrow review consensus.
iFi Audio,"DAC, headphone amp, accessory","British / Hong Kong-based brand spanning portable and desktop electronics. Generally measurement-aware design with selective tonal voicing options (XBass, 3D, etc. — explicit user-toggleable tone controls distinguish iFi from peers).",,,,,,,,,,,medium,medium,medium,FALSE,Capsule deferred for full curation; placeholder.
